"interaction_id","plant_taxon","pollinator_taxon","rho","p.value","total_count","n_parks_present","p_adj_fdr"
"Psychotria nervosa __ Heliconius charithonia","Psychotria nervosa","Heliconius charithonia",0.565529472290978,0.0439770674770166,5,4,0.840955626807594
"Phyla nodiflora __ Anartia jatrophae","Phyla nodiflora","Anartia jatrophae",0.540110565198129,0.0567258046019359,5,3,0.840955626807594
"Hamelia patens __ Apis mellifera","Hamelia patens","Apis mellifera",0.489475199710805,0.0895624886711179,13,3,0.840955626807594
"Bidens alba __ Lerodea eufala","Bidens alba","Lerodea eufala",-0.46612251070515,0.108389386903499,1,1,0.840955626807594
"Bidens alba __ Megachile albitarsis","Bidens alba","Megachile albitarsis",-0.46612251070515,0.108389386903499,2,1,0.840955626807594
"Emilia sonchifolia __ Cymaenes tripunctus","Emilia sonchifolia","Cymaenes tripunctus",-0.46612251070515,0.108389386903499,1,1,0.840955626807594
"Emilia sonchifolia __ Erynnis horatius","Emilia sonchifolia","Erynnis horatius",-0.46612251070515,0.108389386903499,1,1,0.840955626807594
"Heterotheca subaxillaris __ Agapostemon splendens","Heterotheca subaxillaris","Agapostemon splendens",-0.46612251070515,0.108389386903499,2,1,0.840955626807594
"Heterotheca subaxillaris __ Halictus poeyi","Heterotheca subaxillaris","Halictus poeyi",-0.46612251070515,0.108389386903499,1,1,0.840955626807594
"Phyla nodiflora __ Hylephila phyleus","Phyla nodiflora","Hylephila phyleus",-0.46612251070515,0.108389386903499,1,1,0.840955626807594
"Polygonella polygama __ Chrysanthrax cypris","Polygonella polygama","Chrysanthrax cypris",-0.46612251070515,0.108389386903499,1,1,0.840955626807594
"Richardia grandiflora __ Agapostemon splendens","Richardia grandiflora","Agapostemon splendens",-0.46612251070515,0.108389386903499,1,1,0.840955626807594
"Richardia grandiflora __ Polites otho","Richardia grandiflora","Polites otho",-0.46612251070515,0.108389386903499,1,1,0.840955626807594
"Richardia grandiflora __ Utetheisa ornatrix","Richardia grandiflora","Utetheisa ornatrix",-0.46612251070515,0.108389386903499,1,1,0.840955626807594
"Sida ulmifolia __ Lerodea eufala","Sida ulmifolia","Lerodea eufala",-0.46612251070515,0.108389386903499,1,1,0.840955626807594
"Spermacoce verticillata __ Microbembex monodonta","Spermacoce verticillata","Microbembex monodonta",-0.46612251070515,0.108389386903499,1,1,0.840955626807594
"Waltheria indica __ Strymon istapa","Waltheria indica","Strymon istapa",-0.46612251070515,0.108389386903499,1,1,0.840955626807594
"Bidens alba __ Cymaenes tripunctus","Bidens alba","Cymaenes tripunctus",-0.434143185018553,0.138264285278896,11,6,0.840955626807594
"Hamelia patens __ Heliconius charithonia tuckeri","Hamelia patens","Heliconius charithonia tuckeri",0.430317861162952,0.142166236881809,2,2,0.840955626807594
"Bacopa monnieri __ Phoebis statira","Bacopa monnieri","Phoebis statira",0.427278968146387,0.14531701376501,1,1,0.840955626807594
"Bidens Alba __ Euphoria sepulcralis","Bidens Alba","Euphoria sepulcralis",0.427278968146387,0.14531701376501,1,1,0.840955626807594
"Bidens Alba __ Heliconius charithonia","Bidens Alba","Heliconius charithonia",0.427278968146387,0.14531701376501,2,1,0.840955626807594
"Bidens Alba __ Junonia neildi","Bidens Alba","Junonia neildi",0.427278968146387,0.14531701376501,1,1,0.840955626807594
"Bidens Alba __ Leptotes cassius","Bidens Alba","Leptotes cassius",0.427278968146387,0.14531701376501,1,1,0.840955626807594
"Bidens alba __ Junonia neildi","Bidens alba","Junonia neildi",0.427278968146387,0.14531701376501,2,1,0.840955626807594
"Coccoloba uvifera __ Heliconius charithonia","Coccoloba uvifera","Heliconius charithonia",0.427278968146387,0.14531701376501,1,1,0.840955626807594
"Coccoloba uvifera __ Phocides pigmalion","Coccoloba uvifera","Phocides pigmalion",0.427278968146387,0.14531701376501,1,1,0.840955626807594
"Crotalaria pumila __ Eurema daira","Crotalaria pumila","Eurema daira",0.427278968146387,0.14531701376501,1,1,0.840955626807594
"Crysobalanus Icaco __ Apis mellifera","Crysobalanus Icaco","Apis mellifera",0.427278968146387,0.14531701376501,1,1,0.840955626807594
"Flaveria linearis __ Eumaeus atala","Flaveria linearis","Eumaeus atala",0.427278968146387,0.14531701376501,1,1,0.840955626807594
"Hamelia Patens __ Aellopos tantalus","Hamelia Patens","Aellopos tantalus",0.427278968146387,0.14531701376501,1,1,0.840955626807594
"Hamelia Patens __ Heliconius charithonia","Hamelia Patens","Heliconius charithonia",0.427278968146387,0.14531701376501,1,1,0.840955626807594
"Heterotheca Subaxillaris __ Heliconius charithonia","Heterotheca Subaxillaris","Heliconius charithonia",0.427278968146387,0.14531701376501,1,1,0.840955626807594
"Heterotheca subaxillaris __ Dione vanillae","Heterotheca subaxillaris","Dione vanillae",0.427278968146387,0.14531701376501,2,1,0.840955626807594
"Lantana strigocamara __ Syntomeida epilais jucundissima","Lantana strigocamara","Syntomeida epilais jucundissima",0.427278968146387,0.14531701376501,1,1,0.840955626807594
"Pluchea Orodata __ Junonia neildi","Pluchea Orodata","Junonia neildi",0.427278968146387,0.14531701376501,1,1,0.840955626807594
"Richardia Grandiflora __ Junonia neildi","Richardia Grandiflora","Junonia neildi",0.427278968146387,0.14531701376501,1,1,0.840955626807594
"Richardia grandiflora __ Phocides pigmalion","Richardia grandiflora","Phocides pigmalion",0.427278968146387,0.14531701376501,1,1,0.840955626807594
"Spermacoce verticillata __ Junonia neildi","Spermacoce verticillata","Junonia neildi",0.427278968146387,0.14531701376501,1,1,0.840955626807594
"Sphagneticola trilobata __ Nathalis iole","Sphagneticola trilobata","Nathalis iole",0.427278968146387,0.14531701376501,1,1,0.840955626807594
"Sphaneticola trilobata __ Atalopedes huron","Sphaneticola trilobata","Atalopedes huron",0.427278968146387,0.14531701376501,1,1,0.840955626807594
"Stachytarpheta jamaicensis __ Dione vanillae","Stachytarpheta jamaicensis","Dione vanillae",0.427278968146387,0.14531701376501,1,1,0.840955626807594
"Stachytarpheta jamaicensis __ Dryas iulia","Stachytarpheta jamaicensis","Dryas iulia",0.427278968146387,0.14531701376501,1,1,0.840955626807594
"Stachytarpheta jamaicensis __ Phocides pigmalion","Stachytarpheta jamaicensis","Phocides pigmalion",0.427278968146387,0.14531701376501,1,1,0.840955626807594
"Stachytarpheta jamaicensis __ Urbanus proteus","Stachytarpheta jamaicensis","Urbanus proteus",0.427278968146387,0.14531701376501,1,1,0.840955626807594
"stachytarpheta Jamaicensis __ Heliconius charithonia","stachytarpheta Jamaicensis","Heliconius charithonia",0.427278968146387,0.14531701376501,1,1,0.840955626807594
"Spermacoce verticillata __ Leptotes cassius","Spermacoce verticillata","Leptotes cassius",0.427278968146387,0.14531701376501,1,1,0.840955626807594
"Hamelia patens __ Danaus gilippus","Hamelia patens","Danaus gilippus",0.427278968146387,0.14531701376501,2,1,0.840955626807594
"Bursera simaruba __ Danaus plexippus","Bursera simaruba","Danaus plexippus",0.427278968146387,0.14531701376501,1,1,0.840955626807594
"Chromolaena odorata __ Anartia jatrophae","Chromolaena odorata","Anartia jatrophae",0.427278968146387,0.14531701376501,1,1,0.840955626807594
"Forestiera segregata __ Leptotes cassius","Forestiera segregata","Leptotes cassius",0.427278968146387,0.14531701376501,1,1,0.840955626807594
"Hamelia patens __ Anartia jatrophae","Hamelia patens","Anartia jatrophae",0.427278968146387,0.14531701376501,1,1,0.840955626807594
"Hamelia patens __ Erynnis horatius","Hamelia patens","Erynnis horatius",0.427278968146387,0.14531701376501,1,1,0.840955626807594
"Hamelia patens __ Larra bicolor","Hamelia patens","Larra bicolor",0.427278968146387,0.14531701376501,1,1,0.840955626807594
"Hamelia patens __ Sceliphron caementarium","Hamelia patens","Sceliphron caementarium",0.427278968146387,0.14531701376501,1,1,0.840955626807594
"Richardia grandiflora __ Panoquina ocola","Richardia grandiflora","Panoquina ocola",0.427278968146387,0.14531701376501,1,1,0.840955626807594
"Spermacoce verticillata __ Heliconius charithonia","Spermacoce verticillata","Heliconius charithonia",0.427278968146387,0.14531701376501,1,1,0.840955626807594
"Spermacoce verticillata __ Marpesia petreus","Spermacoce verticillata","Marpesia petreus",0.427278968146387,0.14531701376501,1,1,0.840955626807594
"Stachytarpheta jamaicensis __ Anartia jatrophae","Stachytarpheta jamaicensis","Anartia jatrophae",0.427278968146387,0.14531701376501,1,1,0.840955626807594
"Bidens alba __ Eumaeus atala","Bidens alba","Eumaeus atala",-0.416442217479604,0.156923313168703,10,4,0.840955626807594
"Bidens alba __ Syngamia florella","Bidens alba","Syngamia florella",-0.409815089292589,0.164308635389445,8,5,0.840955626807594
"Stylosanthes hamata __ Eurema daira","Stylosanthes hamata","Eurema daira",-0.388435425587625,0.189641934835029,1,1,0.840955626807594
"Asclepias curassavica __ Dryas iulia","Asclepias curassavica","Dryas iulia",-0.388435425587625,0.189641934835029,1,1,0.840955626807594
"Bidens alba __ Alypia wittfeldii","Bidens alba","Alypia wittfeldii",-0.388435425587625,0.189641934835029,1,1,0.840955626807594
"Bidens alba __ Heliconius charithonia tuckeri","Bidens alba","Heliconius charithonia tuckeri",-0.388435425587625,0.189641934835029,1,1,0.840955626807594
"Bidens alba __ Strymon melinus","Bidens alba","Strymon melinus",-0.388435425587625,0.189641934835029,1,1,0.840955626807594
"Chrysobalanus icaco __ Dione vanillae","Chrysobalanus icaco","Dione vanillae",-0.388435425587625,0.189641934835029,1,1,0.840955626807594
"Phyla nodiflora __ Pyrausta tyralis","Phyla nodiflora","Pyrausta tyralis",-0.388435425587625,0.189641934835029,1,1,0.840955626807594
"Phyla nodiflora __ Syngamia florella","Phyla nodiflora","Syngamia florella",-0.388435425587625,0.189641934835029,1,1,0.840955626807594
"Pontederia cordata __ Agapostemon splendens","Pontederia cordata","Agapostemon splendens",-0.388435425587625,0.189641934835029,1,1,0.840955626807594
"Pontederia cordata __ Ascia monuste","Pontederia cordata","Ascia monuste",-0.388435425587625,0.189641934835029,1,1,0.840955626807594
"Psychotria nervosa __ Siproeta stelenes","Psychotria nervosa","Siproeta stelenes",-0.388435425587625,0.189641934835029,1,1,0.840955626807594
"Richardia grandiflora __ Syngamia florella","Richardia grandiflora","Syngamia florella",-0.388435425587625,0.189641934835029,2,1,0.840955626807594
"Sida ulmifolia __ Dione vanillae","Sida ulmifolia","Dione vanillae",-0.388435425587625,0.189641934835029,1,1,0.840955626807594
"Bidens alba __ Erynnis horatius","Bidens alba","Erynnis horatius",-0.386560688019853,0.191974047489467,44,10,0.840955626807594
"Richardia grandiflora __ Dione vanillae","Richardia grandiflora","Dione vanillae",-0.386442627611651,0.192121511438523,24,7,0.840955626807594
"Chromolaena odorata __ Heliconius charithonia","Chromolaena odorata","Heliconius charithonia",0.382811769455481,0.196691441610959,8,5,0.840955626807594
"Richardia grandiflora __ Hylephila phyleus","Richardia grandiflora","Hylephila phyleus",-0.349237783335691,0.242157663385419,15,7,0.840955626807594
"Psychotria nervosa __ Ascia monuste","Psychotria nervosa","Ascia monuste",0.344254288930361,0.249401493105474,2,2,0.840955626807594
"Sphagneticola trilobata __ Apis mellifera","Sphagneticola trilobata","Apis mellifera",-0.344254288930361,0.249401493105474,2,2,0.840955626807594
"Pentas lanceolata __ Danaus plexippus","Pentas lanceolata","Danaus plexippus",-0.344254288930361,0.249401493105474,2,2,0.840955626807594
"Spermacoce verticillata __ Hemiargus ceraunus","Spermacoce verticillata","Hemiargus ceraunus",-0.316667888381556,0.291810278246077,5,2,0.840955626807594
"Bidens alba __ Dryas iulia","Bidens alba","Dryas iulia",0.316097685152036,0.292727950345936,15,5,0.840955626807594
"Chromolaena odorata __ Apis mellifera","Chromolaena odorata","Apis mellifera",0.315566431519498,0.293584427466585,2,2,0.840955626807594
"Sida ulmifolia __ Anartia jatrophae","Sida ulmifolia","Anartia jatrophae",0.315566431519498,0.293584427466585,2,2,0.840955626807594
"Pentas lanceolata __ Dione vanillae","Pentas lanceolata","Dione vanillae",-0.3107483404701,0.301417580286788,2,1,0.840955626807594
"Pentas lanceolata __ Heraclides cresphontes","Pentas lanceolata","Heraclides cresphontes",-0.3107483404701,0.301417580286788,3,1,0.840955626807594
"Hamelia patens __ Battus polydamas","Hamelia patens","Battus polydamas",-0.3107483404701,0.301417580286788,1,1,0.840955626807594
"Cosmos sulphureus __ Megachile parallela","Cosmos sulphureus","Megachile parallela",-0.3107483404701,0.301417580286788,1,1,0.840955626807594
"Cosmos sulphureus __ Thorybes dorantes","Cosmos sulphureus","Thorybes dorantes",-0.3107483404701,0.301417580286788,1,1,0.840955626807594
"Hamelia patens __ Aphrissa neleis","Hamelia patens","Aphrissa neleis",-0.3107483404701,0.301417580286788,1,1,0.840955626807594
"Hamelia patens __ Urbanus proteus","Hamelia patens","Urbanus proteus",-0.3107483404701,0.301417580286788,1,1,0.840955626807594
"Helianthus debilis __ Apis mellifera","Helianthus debilis","Apis mellifera",-0.3107483404701,0.301417580286788,1,1,0.840955626807594
"Helianthus debilis __ Choranthus capucinus","Helianthus debilis","Choranthus capucinus",-0.3107483404701,0.301417580286788,1,1,0.840955626807594
"Pentas lanceolata __ Cymaenes tripunctus","Pentas lanceolata","Cymaenes tripunctus",-0.3107483404701,0.301417580286788,1,1,0.840955626807594
"Pentas lanceolata __ Hyles lineata","Pentas lanceolata","Hyles lineata",-0.3107483404701,0.301417580286788,1,1,0.840955626807594
"Pentas lanceolata __ Thorybes dorantes","Pentas lanceolata","Thorybes dorantes",-0.3107483404701,0.301417580286788,1,1,0.840955626807594
"Stachytarpheta jamaicensis __ Apis mellifera","Stachytarpheta jamaicensis","Apis mellifera",-0.3107483404701,0.301417580286788,1,1,0.840955626807594
"Stachytarpheta jamaicensis __ Centris nitida","Stachytarpheta jamaicensis","Centris nitida",-0.3107483404701,0.301417580286788,1,1,0.840955626807594
"Stachytarpheta jamaicensis __ Eurema daira","Stachytarpheta jamaicensis","Eurema daira",-0.3107483404701,0.301417580286788,1,1,0.840955626807594
"Spermacoce verticillata __ Dione vanillae","Spermacoce verticillata","Dione vanillae",0.3107483404701,0.301417580286789,1,1,0.840955626807594
"Bidens alba __ Hymenia perspectalis","Bidens alba","Hymenia perspectalis",0.3107483404701,0.301417580286789,1,1,0.840955626807594
"Bidens alba __ Trichiotinus lunulatus","Bidens alba","Trichiotinus lunulatus",0.3107483404701,0.301417580286789,1,1,0.840955626807594
"Cephalanthus occidentalis __ Siproeta stelenes","Cephalanthus occidentalis","Siproeta stelenes",0.3107483404701,0.301417580286789,1,1,0.840955626807594
"Euphorbia cyathophora __ Heliconius charithonia","Euphorbia cyathophora","Heliconius charithonia",0.3107483404701,0.301417580286789,1,1,0.840955626807594
"Nymphaea odorata __ Apis mellifera","Nymphaea odorata","Apis mellifera",0.3107483404701,0.301417580286789,1,1,0.840955626807594
"Psychotria tremens __ Trichiotinus lunulatus","Psychotria tremens","Trichiotinus lunulatus",0.3107483404701,0.301417580286789,1,1,0.840955626807594
"Richardia grandiflora __ Danaus gilippus","Richardia grandiflora","Danaus gilippus",0.3107483404701,0.301417580286789,1,1,0.840955626807594
"Richardia grandiflora __ Heliconius charithonia","Richardia grandiflora","Heliconius charithonia",0.3107483404701,0.301417580286789,1,1,0.840955626807594
"Richardia grandiflora __ Papilio palamedes","Richardia grandiflora","Papilio palamedes",0.3107483404701,0.301417580286789,1,1,0.840955626807594
"Richardia grandiflroa __ Heliconius charithonia","Richardia grandiflroa","Heliconius charithonia",0.3107483404701,0.301417580286789,1,1,0.840955626807594
"Salvia coccinia __ Heliconius charithonia","Salvia coccinia","Heliconius charithonia",0.3107483404701,0.301417580286789,1,1,0.840955626807594
"Salvia coccinia __ Papilio palamedes","Salvia coccinia","Papilio palamedes",0.3107483404701,0.301417580286789,2,1,0.840955626807594
"Sida ulmifolia __ Asbolis capucinus","Sida ulmifolia","Asbolis capucinus",0.3107483404701,0.301417580286789,1,1,0.840955626807594
"Stachytarpheta jamaicensis __ Heliconius charithonia tuckeri","Stachytarpheta jamaicensis","Heliconius charithonia tuckeri",0.3107483404701,0.301417580286789,1,1,0.840955626807594
"Psychotria nervosa __ Eumaeus atala","Psychotria nervosa","Eumaeus atala",-0.307871558148735,0.306150745456497,3,2,0.840955626807594
"Psychotria nervosa __ Marpesia petreus","Psychotria nervosa","Marpesia petreus",0.29967545852597,0.319864943801796,12,6,0.840955626807594
"Richardia grandiflora __ Urbanus proteus","Richardia grandiflora","Urbanus proteus",0.29255988948232,0.332044639506189,4,3,0.840955626807594
"Spermacoce verticillata __ Hylephila phyleus","Spermacoce verticillata","Hylephila phyleus",0.29255988948232,0.332044639506189,4,3,0.840955626807594
"Hamelia patens __ Dione vanillae","Hamelia patens","Dione vanillae",0.290278897683093,0.336002472676812,3,2,0.840955626807594
"Richardia grandiflora __ Heraclides cresphontes","Richardia grandiflora","Heraclides cresphontes",0.286878574108634,0.341950447857405,2,2,0.840955626807594
"Sphagneticola trilobata __ Heliconius charithonia","Sphagneticola trilobata","Heliconius charithonia",0.286878574108634,0.341950447857405,2,2,0.840955626807594
"Baccharis glomeruliflora __ Marpesia petreus","Baccharis glomeruliflora","Marpesia petreus",0.286878574108634,0.341950447857405,2,2,0.840955626807594
"Chromolaena odorata __ Dione vanillae","Chromolaena odorata","Dione vanillae",-0.286878574108634,0.341950447857405,2,2,0.840955626807594
"Varronia bullata __ Leptotes cassius","Varronia bullata","Leptotes cassius",-0.286878574108634,0.341950447857405,2,2,0.840955626807594
"Spermacoce verticillata __ Apis mellifera","Spermacoce verticillata","Apis mellifera",0.281482567450272,0.351506601553033,6,2,0.840955626807594
"Bidens alba __ Marpesia petreus","Bidens alba","Marpesia petreus",0.273117229069091,0.366603487542679,6,3,0.840955626807594
"Psychotria nervosa __ Heraclides cresphontes","Psychotria nervosa","Heraclides cresphontes",0.272686237217451,0.367390523413356,3,2,0.840955626807594
"Richardia grandiflora __ Lerodea eufala","Richardia grandiflora","Lerodea eufala",-0.26388990698463,0.383649232111515,4,2,0.840955626807594
"Richardia grandiflora __ Thorybes dorantes","Richardia grandiflora","Thorybes dorantes",-0.261237679801727,0.388624193476597,14,6,0.840955626807594
"Phyla nodiflora __ Heliconius charithonia","Phyla nodiflora","Heliconius charithonia",0.233061255352575,0.443504070820397,1,1,0.840955626807594
"Richardia grandiflora __ Pyrausta tyralis","Richardia grandiflora","Pyrausta tyralis",0.233061255352575,0.443504070820397,1,1,0.840955626807594
"Spermacoce Virticillata __ Pontia protodice","Spermacoce Virticillata","Pontia protodice",0.233061255352575,0.443504070820397,1,1,0.840955626807594
"Trifolium repens __ Apis mellifera","Trifolium repens","Apis mellifera",0.233061255352575,0.443504070820397,1,1,0.840955626807594
"Bidens alba __ Nathalis iole","Bidens alba","Nathalis iole",0.231261527605475,0.447132385578296,6,5,0.840955626807594
"Mikania scandens __ Apis mellifera","Mikania scandens","Apis mellifera",-0.229502859286907,0.450691822543676,2,2,0.840955626807594
"Hamelia patens __ Phoebis philea","Hamelia patens","Phoebis philea",-0.218035459196522,0.474233481765921,9,4,0.840955626807594
"Hamelia patens __ Heraclides cresphontes","Hamelia patens","Heraclides cresphontes",-0.215201699299539,0.480138434042006,6,5,0.840955626807594
"Spermacoce verticillata __ Anartia jatrophae","Spermacoce verticillata","Anartia jatrophae",-0.202541461949299,0.506931659565252,9,3,0.840955626807594
"Chrysobalanus icaco __ Marpesia petreus","Chrysobalanus icaco","Marpesia petreus",0.200815001876044,0.510636619085263,2,2,0.840955626807594
"Richardia grandiflora __ Danaus plexippus","Richardia grandiflora","Danaus plexippus",-0.196534507000599,0.519874388872161,3,3,0.840955626807594
"Bidens alba __ Danaus eresimus","Bidens alba","Danaus eresimus",-0.190807927157858,0.532346983418962,8,3,0.840955626807594
"Hamelia patens __ Euglossa dilemma","Hamelia patens","Euglossa dilemma",-0.180036855066043,0.55615092937781,4,3,0.840955626807594
"Lantana strigocamara __ Heliconius charithonia","Lantana strigocamara","Heliconius charithonia",0.17592660465642,0.565349826075566,4,2,0.840955626807594
"Spermacoce verticillata __ Danaus gilippus","Spermacoce verticillata","Danaus gilippus",0.172127144465181,0.573908319912872,2,2,0.840955626807594
"Cestrum diurnum __ Dione vanillae","Cestrum diurnum","Dione vanillae",-0.172127144465181,0.573908319912872,2,2,0.840955626807594
"Chromolaena odorata __ Dryas iulia","Chromolaena odorata","Dryas iulia",-0.172127144465181,0.573908319912872,2,2,0.840955626807594
"Spermacoce verticillata __ Burnsius oileus","Spermacoce verticillata","Burnsius oileus",-0.172127144465181,0.573908319912872,2,2,0.840955626807594
"Bidens alba __ Ascia monuste","Bidens alba","Ascia monuste",0.172127144465181,0.573908319912872,2,2,0.840955626807594
"Spermacoce verticillata __ Pyrausta tyralis","Spermacoce verticillata","Pyrausta tyralis",0.172127144465181,0.573908319912872,2,2,0.840955626807594
"Bidens alba __ Danaus plexippus","Bidens alba","Danaus plexippus",0.162514036089601,0.595792832998946,13,4,0.840955626807594
"Spermacoce verticillata __ Eurema daira","Spermacoce verticillata","Eurema daira",0.15537417023505,0.612253813284849,1,1,0.840955626807594
"Lantana strigocamara __ Dione vanillae","Lantana strigocamara","Dione vanillae",0.15537417023505,0.612253813284849,1,1,0.840955626807594
"Stachytarpheta jamaicensis __ Cymaenes tripunctus","Stachytarpheta jamaicensis","Cymaenes tripunctus",0.15537417023505,0.612253813284849,1,1,0.840955626807594
"Ageratum conyzoides __ Danaus eresimus","Ageratum conyzoides","Danaus eresimus",0.15537417023505,0.612253813284849,1,1,0.840955626807594
"Ageratum conyzoides __ Danaus gilippus","Ageratum conyzoides","Danaus gilippus",0.15537417023505,0.612253813284849,1,1,0.840955626807594
"Ageratum houstonianum __ Danaus gilippus","Ageratum houstonianum","Danaus gilippus",0.15537417023505,0.612253813284849,1,1,0.840955626807594
"Aloysia virgata __ Danaus gilippus","Aloysia virgata","Danaus gilippus",0.15537417023505,0.612253813284849,2,1,0.840955626807594
"Asclepias curassavica __ Danaus eresimus","Asclepias curassavica","Danaus eresimus",0.15537417023505,0.612253813284849,1,1,0.840955626807594
"Bidens alba __ Burnsius albezens","Bidens alba","Burnsius albezens",0.15537417023505,0.612253813284849,2,1,0.840955626807594
"Calliandra . __ Vanessa atalanta","Calliandra .","Vanessa atalanta",0.15537417023505,0.612253813284849,1,1,0.840955626807594
"Calliandra surinamensis __ Phoebis sennae","Calliandra surinamensis","Phoebis sennae",0.15537417023505,0.612253813284849,1,1,0.840955626807594
"Callicarpa americana __ Apis mellifera","Callicarpa americana","Apis mellifera",0.15537417023505,0.612253813284849,1,1,0.840955626807594
"Catharanthus roseus __ Papilio palamedes","Catharanthus roseus","Papilio palamedes",0.15537417023505,0.612253813284849,1,1,0.840955626807594
"Cestrum Diurnum __ Dione vanillae","Cestrum Diurnum","Dione vanillae",0.15537417023505,0.612253813284849,1,1,0.840955626807594
"Cestrum diurnum __ Danaus plexippus","Cestrum diurnum","Danaus plexippus",0.15537417023505,0.612253813284849,1,1,0.840955626807594
"Cestrum diurnum __ Marpesia petreus","Cestrum diurnum","Marpesia petreus",0.15537417023505,0.612253813284849,1,1,0.840955626807594
"Cestrum diurnum __ Syntomeida epilais","Cestrum diurnum","Syntomeida epilais",0.15537417023505,0.612253813284849,1,1,0.840955626807594
"Chromolaena odorata __ Danaus eresimus","Chromolaena odorata","Danaus eresimus",0.15537417023505,0.612253813284849,1,1,0.840955626807594
"Chromolaena odorata __ Urbanus proteus","Chromolaena odorata","Urbanus proteus",0.15537417023505,0.612253813284849,1,1,0.840955626807594
"Conoclinium coelestinum __ Danaus gilippus","Conoclinium coelestinum","Danaus gilippus",0.15537417023505,0.612253813284849,1,1,0.840955626807594
"Cuphea micropetala __ Phoebis philea","Cuphea micropetala","Phoebis philea",0.15537417023505,0.612253813284849,3,1,0.840955626807594
"Cuphea strigulosa __ Anartia jatrophae","Cuphea strigulosa","Anartia jatrophae",0.15537417023505,0.612253813284849,1,1,0.840955626807594
"Cuphea strigulosa __ Hylephila phyleus","Cuphea strigulosa","Hylephila phyleus",0.15537417023505,0.612253813284849,1,1,0.840955626807594
"Desmodium incanum __ Anartia jatrophae","Desmodium incanum","Anartia jatrophae",0.15537417023505,0.612253813284849,1,1,0.840955626807594
"Dianthus barbatus __ Oligoria maculata","Dianthus barbatus","Oligoria maculata",0.15537417023505,0.612253813284849,1,1,0.840955626807594
"Duranta erecta __ Dione vanillae","Duranta erecta","Dione vanillae",0.15537417023505,0.612253813284849,1,1,0.840955626807594
"Flaveria linearis __ Eurema daira","Flaveria linearis","Eurema daira",0.15537417023505,0.612253813284849,1,1,0.840955626807594
"Gaillardia pulchella __ Ascia monuste","Gaillardia pulchella","Ascia monuste",0.15537417023505,0.612253813284849,1,1,0.840955626807594
"Gaillardia pulchella __ Dione vanillae","Gaillardia pulchella","Dione vanillae",0.15537417023505,0.612253813284849,1,1,0.840955626807594
"Heliotropium angioermum __ Dryas iulia","Heliotropium angioermum","Dryas iulia",0.15537417023505,0.612253813284849,2,1,0.840955626807594
"Heliotropium angioermum __ Heliconius charithonia","Heliotropium angioermum","Heliconius charithonia",0.15537417023505,0.612253813284849,2,1,0.840955626807594
"Jatropha integerrima __ Danaus eresimus","Jatropha integerrima","Danaus eresimus",0.15537417023505,0.612253813284849,1,1,0.840955626807594
"Jatropha integerrima __ Danaus gilippus","Jatropha integerrima","Danaus gilippus",0.15537417023505,0.612253813284849,1,1,0.840955626807594
"Jatropha integerrima __ Danaus plexippus","Jatropha integerrima","Danaus plexippus",0.15537417023505,0.612253813284849,2,1,0.840955626807594
"Jatropha integerrima __ Dione vanillae","Jatropha integerrima","Dione vanillae",0.15537417023505,0.612253813284849,1,1,0.840955626807594
"Jatropha integerrima __ Dryas iulia","Jatropha integerrima","Dryas iulia",0.15537417023505,0.612253813284849,3,1,0.840955626807594
"Lantana depressa __ Danaus plexippus","Lantana depressa","Danaus plexippus",0.15537417023505,0.612253813284849,1,1,0.840955626807594
"Lantana strigocamara __ Cymaenes tripunctus","Lantana strigocamara","Cymaenes tripunctus",0.15537417023505,0.612253813284849,1,1,0.840955626807594
"Lonicera sempervirens __ Phoebis philea","Lonicera sempervirens","Phoebis philea",0.15537417023505,0.612253813284849,5,1,0.840955626807594
"Lonicera sempervirens __ Phoebis sennae","Lonicera sempervirens","Phoebis sennae",0.15537417023505,0.612253813284849,1,1,0.840955626807594
"Ludwigia octovalvis __ Burnsius oileus","Ludwigia octovalvis","Burnsius oileus",0.15537417023505,0.612253813284849,1,1,0.840955626807594
"Ludwigia octovalvis __ Leptotes cassius","Ludwigia octovalvis","Leptotes cassius",0.15537417023505,0.612253813284849,1,1,0.840955626807594
"Phyla nodiflora __ Cymaenes tripunctus","Phyla nodiflora","Cymaenes tripunctus",0.15537417023505,0.612253813284849,1,1,0.840955626807594
"Phyla nodiflora __ Lerodea eufala","Phyla nodiflora","Lerodea eufala",0.15537417023505,0.612253813284849,1,1,0.840955626807594
"Phyla nodiflora __ Nathalis iole","Phyla nodiflora","Nathalis iole",0.15537417023505,0.612253813284849,1,1,0.840955626807594
"Phyla nodiflora __ Phyciodes phaon","Phyla nodiflora","Phyciodes phaon",0.15537417023505,0.612253813284849,2,1,0.840955626807594
"Pseudogynoxys chenopodioides __ Heliconius charithonia","Pseudogynoxys chenopodioides","Heliconius charithonia",0.15537417023505,0.612253813284849,1,1,0.840955626807594
"Pseudogynoxys chenopodioides __ Marpesia petreus","Pseudogynoxys chenopodioides","Marpesia petreus",0.15537417023505,0.612253813284849,1,1,0.840955626807594
"Pseudogynoxys chenopodioides __ Phoebis philea","Pseudogynoxys chenopodioides","Phoebis philea",0.15537417023505,0.612253813284849,1,1,0.840955626807594
"Pseudogynoxys chenopodioides __ Thorybes dorantes","Pseudogynoxys chenopodioides","Thorybes dorantes",0.15537417023505,0.612253813284849,1,1,0.840955626807594
"Psychotria nervosa __ Danaus plexippus","Psychotria nervosa","Danaus plexippus",0.15537417023505,0.612253813284849,1,1,0.840955626807594
"Psychotria nervosa __ Dryas iulia","Psychotria nervosa","Dryas iulia",0.15537417023505,0.612253813284849,2,1,0.840955626807594
"Psychotria nervosa __ Erynnis horatius","Psychotria nervosa","Erynnis horatius",0.15537417023505,0.612253813284849,1,1,0.840955626807594
"Richardia grandiflora __ Ceratina floridana","Richardia grandiflora","Ceratina floridana",0.15537417023505,0.612253813284849,1,1,0.840955626807594
"Richardia grandiflora __ Cymaenes tripunctus","Richardia grandiflora","Cymaenes tripunctus",0.15537417023505,0.612253813284849,3,1,0.840955626807594
"Richardia grandiflora __ Dryas iulia","Richardia grandiflora","Dryas iulia",0.15537417023505,0.612253813284849,1,1,0.840955626807594
"Richardia grandiflora __ Phoebis sennae","Richardia grandiflora","Phoebis sennae",0.15537417023505,0.612253813284849,2,1,0.840955626807594
"Rivina humilis __ Leptotes cassius","Rivina humilis","Leptotes cassius",0.15537417023505,0.612253813284849,1,1,0.840955626807594
"Salvia coccinea __ Phoebis philea","Salvia coccinea","Phoebis philea",0.15537417023505,0.612253813284849,2,1,0.840955626807594
"Salvia coccinea __ Phoebis sennae","Salvia coccinea","Phoebis sennae",0.15537417023505,0.612253813284849,2,1,0.840955626807594
"Salvia coccinea __ Phoebis statira","Salvia coccinea","Phoebis statira",0.15537417023505,0.612253813284849,1,1,0.840955626807594
"Spermacoce verticillata __ Ascia monuste","Spermacoce verticillata","Ascia monuste",0.15537417023505,0.612253813284849,1,1,0.840955626807594
"Spermacoce verticillata __ Dryas iulia","Spermacoce verticillata","Dryas iulia",0.15537417023505,0.612253813284849,2,1,0.840955626807594
"Spermacoce verticillata __ Limenitis archippus","Spermacoce verticillata","Limenitis archippus",0.15537417023505,0.612253813284849,1,1,0.840955626807594
"Spermacoce verticillata __ Phyciodes phaon","Spermacoce verticillata","Phyciodes phaon",0.15537417023505,0.612253813284849,1,1,0.840955626807594
"Spermacoce verticillata __ Thorybes dorantes","Spermacoce verticillata","Thorybes dorantes",0.15537417023505,0.612253813284849,1,1,0.840955626807594
"Spermicoce verticillata __ Syntomeida epilais","Spermicoce verticillata","Syntomeida epilais",0.15537417023505,0.612253813284849,1,1,0.840955626807594
"Spermicoce verticillata __ Utetheisa ornatrix","Spermicoce verticillata","Utetheisa ornatrix",0.15537417023505,0.612253813284849,1,1,0.840955626807594
"Stachytarpheta jamaicensis __ Lerema accius","Stachytarpheta jamaicensis","Lerema accius",0.15537417023505,0.612253813284849,2,1,0.840955626807594
"Turnera ulmifolia __ Asbolis capucinus","Turnera ulmifolia","Asbolis capucinus",0.15537417023505,0.612253813284849,1,1,0.840955626807594
"Turnera ulmifolia __ Cymaenes tripunctus","Turnera ulmifolia","Cymaenes tripunctus",0.15537417023505,0.612253813284849,1,1,0.840955626807594
"Turnera ulmifolia __ Dione vanillae","Turnera ulmifolia","Dione vanillae",0.15537417023505,0.612253813284849,1,1,0.840955626807594
"Waltheria indica __ Thorybes dorantes","Waltheria indica","Thorybes dorantes",0.15537417023505,0.612253813284849,1,1,0.840955626807594
"Bidens alba __ Erynnis zarucco","Bidens alba","Erynnis zarucco",-0.15537417023505,0.612253813284849,1,1,0.840955626807594
"Jasminum fluminense __ Eumaeus atala","Jasminum fluminense","Eumaeus atala",-0.15537417023505,0.612253813284849,1,1,0.840955626807594
"Richardia grandiflora __ Junonia coenia","Richardia grandiflora","Junonia coenia",-0.15537417023505,0.612253813284849,1,1,0.840955626807594
"Aloysia virgata __ Apis mellifera","Aloysia virgata","Apis mellifera",-0.15537417023505,0.612253813284849,1,1,0.840955626807594
"Caesalpinia pulcherrima __ Danaus plexippus","Caesalpinia pulcherrima","Danaus plexippus",-0.15537417023505,0.612253813284849,1,1,0.840955626807594
"Caesalpinia pulcherrima __ Dione vanillae","Caesalpinia pulcherrima","Dione vanillae",-0.15537417023505,0.612253813284849,1,1,0.840955626807594
"Calliandra . __ Phoebis philea","Calliandra .","Phoebis philea",-0.15537417023505,0.612253813284849,1,1,0.840955626807594
"Chrysobalanus icaco __ Erynnis horatius","Chrysobalanus icaco","Erynnis horatius",-0.15537417023505,0.612253813284849,1,1,0.840955626807594
"Clerodendrum eciosissimum __ Danaus plexippus","Clerodendrum eciosissimum","Danaus plexippus",-0.15537417023505,0.612253813284849,1,1,0.840955626807594
"Clerodendrum paniculatum __ Danaus plexippus","Clerodendrum paniculatum","Danaus plexippus",-0.15537417023505,0.612253813284849,1,1,0.840955626807594
"Croton galndulosus __ Strymon istapa","Croton galndulosus","Strymon istapa",-0.15537417023505,0.612253813284849,1,1,0.840955626807594
"Duranta erecta __ Erynnis horatius","Duranta erecta","Erynnis horatius",-0.15537417023505,0.612253813284849,1,1,0.840955626807594
"Hamelia patens __ Phoebis sennae","Hamelia patens","Phoebis sennae",-0.15537417023505,0.612253813284849,1,1,0.840955626807594
"Ipomea indica __ Cymaenes tripunctus","Ipomea indica","Cymaenes tripunctus",-0.15537417023505,0.612253813284849,1,1,0.840955626807594
"Lagerstroemia eciosa __ Apis mellifera","Lagerstroemia eciosa","Apis mellifera",-0.15537417023505,0.612253813284849,1,1,0.840955626807594
"Passiflora . __ Euglossa dilemma","Passiflora .","Euglossa dilemma",-0.15537417023505,0.612253813284849,1,1,0.840955626807594
"Passiflora lanuginosa __ Apis mellifera","Passiflora lanuginosa","Apis mellifera",-0.15537417023505,0.612253813284849,1,1,0.840955626807594
"Passiflora miniataXvitifolia __ Euglossa dilemma","Passiflora miniataXvitifolia","Euglossa dilemma",-0.15537417023505,0.612253813284849,1,1,0.840955626807594
"Pentas lanceolata __ Battus polydamas","Pentas lanceolata","Battus polydamas",-0.15537417023505,0.612253813284849,1,1,0.840955626807594
"Pluchea . __ Marpesia petreus","Pluchea .","Marpesia petreus",-0.15537417023505,0.612253813284849,1,1,0.840955626807594
"Pseudogynoxys chenopodioides __ Apis mellifera","Pseudogynoxys chenopodioides","Apis mellifera",-0.15537417023505,0.612253813284849,1,1,0.840955626807594
"Richardia grandiflora __ Chrysanthrax cypris","Richardia grandiflora","Chrysanthrax cypris",-0.15537417023505,0.612253813284849,1,1,0.840955626807594
"Spermacoce verticillata __ Danaus eresimus","Spermacoce verticillata","Danaus eresimus",-0.15537417023505,0.612253813284849,1,1,0.840955626807594
"Sphagneticola trilobata __ Danaus eresimus","Sphagneticola trilobata","Danaus eresimus",-0.15537417023505,0.612253813284849,1,1,0.840955626807594
"Thalia Geniculata __ Calpodes ethlius","Thalia Geniculata","Calpodes ethlius",-0.15537417023505,0.612253813284849,1,1,0.840955626807594
"Tribulus cistoides __ Augochlora pura","Tribulus cistoides","Augochlora pura",-0.15537417023505,0.612253813284849,1,1,0.840955626807594
"Urena lobata __ Trigonopeltastes delta","Urena lobata","Trigonopeltastes delta",-0.15537417023505,0.612253813284849,2,1,0.840955626807594
"chrysobalanus icaco __ Chlorostrymon maesites","chrysobalanus icaco","Chlorostrymon maesites",-0.15537417023505,0.612253813284849,1,1,0.840955626807594
"Cestrum diurnum __ Choranthus capucinus","Cestrum diurnum","Choranthus capucinus",-0.15537417023505,0.612253813284849,1,1,0.840955626807594
"Emilia sonchifolia __ Eurema daira","Emilia sonchifolia","Eurema daira",-0.15537417023505,0.612253813284849,1,1,0.840955626807594
"Jatropha multifida __ Erynnis horatius","Jatropha multifida","Erynnis horatius",-0.15537417023505,0.612253813284849,1,1,0.840955626807594
"Momordica charantia __ Cymaenes tripunctus","Momordica charantia","Cymaenes tripunctus",-0.15537417023505,0.612253813284849,1,1,0.840955626807594
"Stachytarpheta jamaicensis __ Heliconius charithonia","Stachytarpheta jamaicensis","Heliconius charithonia",-0.15537417023505,0.612253813284849,1,1,0.840955626807594
"Hamelia patens __ Heliconius charithonia","Hamelia patens","Heliconius charithonia",0.151351241679783,0.621603659376681,20,6,0.850488727751815
"Richardia grandiflora __ Apis mellifera","Richardia grandiflora","Apis mellifera",-0.147400880250449,0.630836026256662,3,3,0.856481220263853
"Chromolaena odorata __ Thorybes dorantes","Chromolaena odorata","Thorybes dorantes",-0.147400880250449,0.630836026256662,3,3,0.856481220263853
"Bidens alba __ Danaus gilippus","Bidens alba","Danaus gilippus",0.145347814433762,0.635653889223663,17,5,0.859715796536219
"Spermacoce verticillata __ Strymon istapa","Spermacoce verticillata","Strymon istapa",-0.142529176927284,0.64228982285107,5,3,0.86537521933751
"Bidens alba __ Leptotes cassius","Bidens alba","Leptotes cassius",-0.135428363408001,0.659115134905661,11,4,0.882592458359064
"Spermacoce verticillata __ Erynnis horatius","Spermacoce verticillata","Erynnis horatius",0.135027641299532,0.660069147328025,5,3,0.882592458359064
"Spermacoce verticillata __ Syngamia florella","Spermacoce verticillata","Syngamia florella",0.123148623259494,0.688559558234319,3,2,0.910011538406373
"Hamelia patens __ Phoebis statira","Hamelia patens","Phoebis statira",-0.123148623259494,0.688559558234319,6,2,0.910011538406373
"Hamelia patens __ Dryas iulia","Hamelia patens","Dryas iulia",0.122054695125112,0.691202997596718,6,5,0.910011538406373
"Bidens alba __ Pyrausta tyralis","Bidens alba","Pyrausta tyralis",0.114751429643454,0.708932501591367,2,2,0.910011538406373
"Bidens alba __ Atalopedes huron","Bidens alba","Atalopedes huron",0.114751429643454,0.708932501591367,2,2,0.910011538406373
"Bidens alba __ Phyciodes tharos","Bidens alba","Phyciodes tharos",0.114751429643454,0.708932501591367,2,2,0.910011538406373
"Cestrum diurnum __ Thorybes dorantes","Cestrum diurnum","Thorybes dorantes",0.114751429643454,0.708932501591367,2,2,0.910011538406373
"Richardia grandiflora __ Marpesia petreus","Richardia grandiflora","Marpesia petreus",0.114751429643454,0.708932501591367,2,2,0.910011538406373
"Spermacoce verticillata __ Danaus plexippus","Spermacoce verticillata","Danaus plexippus",0.114751429643454,0.708932501591367,2,2,0.910011538406373
"Erigeron quercifolius __ Halictus poeyi","Erigeron quercifolius","Halictus poeyi",-0.114751429643454,0.708932501591367,2,2,0.910011538406373
"Sphagneticola trilobata __ Erynnis horatius","Sphagneticola trilobata","Erynnis horatius",-0.114751429643454,0.708932501591367,2,2,0.910011538406373
"Bidens alba __ Panoquina ocola","Bidens alba","Panoquina ocola",0.105555962793852,0.73144802647539,5,2,0.92437903832142
"Bidens alba __ Thorybes dorantes","Bidens alba","Thorybes dorantes",0.105555962793852,0.73144802647539,5,2,0.92437903832142
"Richardia grandiflora __ Burnsius oileus","Richardia grandiflora","Burnsius oileus",0.105555962793852,0.73144802647539,3,2,0.92437903832142
"Bidens alba __ Strymon istapa","Bidens alba","Strymon istapa",-0.105555962793852,0.73144802647539,7,2,0.92437903832142
"Bidens alba __ Dione vanillae","Bidens alba","Dione vanillae",-0.104836418191127,0.733218500651551,9,5,0.92437903832142
"Spermacoce verticillata __ Nathalis iole","Spermacoce verticillata","Nathalis iole",-0.0982672535002994,0.749437495818784,3,3,0.9414641851389
"Bidens alba __ Apis mellifera","Bidens alba","Apis mellifera",0.0917227900616384,0.76569040103108,13,7,0.948645084327875
"Bidens alba __ Anartia jatrophae","Bidens alba","Anartia jatrophae",-0.0818161964214199,0.790459999243081,23,8,0.948645084327875
"Bidens alba __ Chrysanthrax cypris","Bidens alba","Chrysanthrax cypris",0.077687085117525,0.800839193002002,1,1,0.948645084327875
"Bidens alba __ Heraclides cresphontes","Bidens alba","Heraclides cresphontes",0.077687085117525,0.800839193002002,2,1,0.948645084327875
"Chromolaena odorata __ Heraclides cresphontes","Chromolaena odorata","Heraclides cresphontes",0.077687085117525,0.800839193002002,1,1,0.948645084327875
"Dicliptera sexangularis __ Heliconius charithonia","Dicliptera sexangularis","Heliconius charithonia",0.077687085117525,0.800839193002002,1,1,0.948645084327875
"Phyla nodiflora __ Burnsius oileus","Phyla nodiflora","Burnsius oileus",0.077687085117525,0.800839193002002,1,1,0.948645084327875
"Pluchea carolinensis __ Eumaeus atala","Pluchea carolinensis","Eumaeus atala",0.077687085117525,0.800839193002002,1,1,0.948645084327875
"Pluchea carolinensis __ Marpesia petreus","Pluchea carolinensis","Marpesia petreus",0.077687085117525,0.800839193002002,1,1,0.948645084327875
"Psychotria nervosa __ Danaus eresimus","Psychotria nervosa","Danaus eresimus",0.077687085117525,0.800839193002002,1,1,0.948645084327875
"Richardia grandiflora __ Augochlora pura","Richardia grandiflora","Augochlora pura",0.077687085117525,0.800839193002002,1,1,0.948645084327875
"Richardia grandiflora __ Eumaeus atala","Richardia grandiflora","Eumaeus atala",0.077687085117525,0.800839193002002,1,1,0.948645084327875
"Richardia grandiflora __ Pyrisitia lisa","Richardia grandiflora","Pyrisitia lisa",0.077687085117525,0.800839193002002,1,1,0.948645084327875
"Salvia misella __ Eurema daira","Salvia misella","Eurema daira",0.077687085117525,0.800839193002002,1,1,0.948645084327875
"Spermacoce verticillata __ Eumaeus atala","Spermacoce verticillata","Eumaeus atala",0.077687085117525,0.800839193002002,3,1,0.948645084327875
"Spermacoce verticillata __ Systoechus solitus","Spermacoce verticillata","Systoechus solitus",0.077687085117525,0.800839193002002,1,1,0.948645084327875
"Verbesina virginica __ Marpesia petreus","Verbesina virginica","Marpesia petreus",0.077687085117525,0.800839193002002,1,1,0.948645084327875
"Psychotria nervosa __ Apis mellifera","Psychotria nervosa","Apis mellifera",0.0675138206497662,0.826536961193609,4,3,0.975811194987772
"Bidens alba __ Urbanus proteus","Bidens alba","Urbanus proteus",-0.0573757148217269,0.852305187320038,2,2,0.99954727948164
"Sida ulmifolia __ Eurema daira","Sida ulmifolia","Eurema daira",0.0573757148217269,0.852305187320038,2,2,0.99954727948164
"Richardia grandiflora __ Erynnis horatius","Richardia grandiflora","Erynnis horatius",-0.0490927817354004,0.873459869941182,7,4,1
"Chromolaena odorata __ Marpesia petreus","Chromolaena odorata","Marpesia petreus",-0.0454802371425792,0.88271144906558,10,6,1
"Sphagneticola trilobata __ Anartia jatrophae","Sphagneticola trilobata","Anartia jatrophae",-0.0448526595051604,0.884320078548433,4,4,1
"Bidens alba __ Pontia protodice","Bidens alba","Pontia protodice",-0.0448526595051604,0.884320078548433,4,4,1
"Chrysobalanus icaco __ Heliconius charithonia","Chrysobalanus icaco","Heliconius charithonia",-0.0286878574108634,0.925878934657655,2,2,1
"Pontederia cordata __ Danaus plexippus","Pontederia cordata","Danaus plexippus",0.0286878574108634,0.925878934657655,2,2,1
"Bidens alba __ Hylephila phyleus","Bidens alba","Hylephila phyleus",0.0210170412206649,0.945667035599691,17,8,1
"Jatropha integerrima __ Heliconius charithonia","Jatropha integerrima","Heliconius charithonia",-0.017592660465642,0.954510678803623,6,2,1
"Richardia grandiflora __ Anartia jatrophae","Richardia grandiflora","Anartia jatrophae",0.0158843057865345,0.958924446507133,8,5,1
"Richardia grandiflora __ Eurema daira","Richardia grandiflora","Eurema daira",0.0149653276202242,0.961299205585838,7,3,1
"Bidens alba __ Heliconius charithonia","Bidens alba","Heliconius charithonia",0.00560232881188193,0.9855080212795,43,10,1
"Asclepias curassavica __ Danaus plexippus","Asclepias curassavica","Danaus plexippus",0.00339269714028216,0.991223585359712,8,4,1
"Bidens alba __ Halictus poeyi","Bidens alba","Halictus poeyi",0,1,2,1,1
"Bidens alba __ Hemiargus ceraunus","Bidens alba","Hemiargus ceraunus",0,1,1,1,1
"Hamelia patens __ Augochlora pura","Hamelia patens","Augochlora pura",0,1,2,2,1
"Sphagneticola trilobata __ Hylephila phyleus","Sphagneticola trilobata","Hylephila phyleus",0,1,3,3,1
"Asclepias curassavica __ Danaus gilippus","Asclepias curassavica","Danaus gilippus",0,1,4,2,1
"Stachytarpheta jamaicensis __ Danaus plexippus","Stachytarpheta jamaicensis","Danaus plexippus",0,1,2,2,1
"Bidens alba __ Agapostemon splendens","Bidens alba","Agapostemon splendens",0,1,1,1,1
"Bidens alba __ Burnsius oileus","Bidens alba","Burnsius oileus",0,1,5,1,1
"Bidens alba __ Coelioxys dolichos","Bidens alba","Coelioxys dolichos",0,1,1,1,1
"Bidens alba __ Euphoria sepulcralis","Bidens alba","Euphoria sepulcralis",0,1,1,1,1
"Bidens alba __ Megachile parallela","Bidens alba","Megachile parallela",0,1,1,1,1
"Bidens alba __ Phyciodes phaon","Bidens alba","Phyciodes phaon",0,1,2,1,1
"Chromolaena odorata __ Cymaenes tripunctus","Chromolaena odorata","Cymaenes tripunctus",0,1,1,1,1
"Chromolaena odorata __ Danaus plexippus","Chromolaena odorata","Danaus plexippus",0,1,2,1,1
"Chromolaena orodata __ Urbanus proteus","Chromolaena orodata","Urbanus proteus",0,1,1,1,1
"Coccoloba uvifera __ Apis mellifera","Coccoloba uvifera","Apis mellifera",0,1,1,1,1
"Erigeron quercifolius __ Apis mellifera","Erigeron quercifolius","Apis mellifera",0,1,1,1,1
"Hamelia patens __ Phoebis agarithe","Hamelia patens","Phoebis agarithe",0,1,4,1,1
"Helianthus debilis __ Halictus poeyi","Helianthus debilis","Halictus poeyi",0,1,1,1,1
"Phyla nodiflora __ Burnsius albezens","Phyla nodiflora","Burnsius albezens",0,1,1,1,1
"Psychotria nervosa __ Trigonopeltastes delta","Psychotria nervosa","Trigonopeltastes delta",0,1,1,1,1
"Richardia grandiflora __ Anticarsia gemmatalis","Richardia grandiflora","Anticarsia gemmatalis",0,1,1,1,1
"Richardia grandiflora __ Ascia monuste","Richardia grandiflora","Ascia monuste",0,1,1,1,1
"Richardia grandiflora __ Hemiargus ceraunus","Richardia grandiflora","Hemiargus ceraunus",0,1,1,1,1
"Richardia grandiflora __ Phoebis agarithe","Richardia grandiflora","Phoebis agarithe",0,1,3,1,1
"Richardia grandiflora __ Strymon istapa","Richardia grandiflora","Strymon istapa",0,1,2,1,1
"Salvia coccinea __ Asbolis capucinus","Salvia coccinea","Asbolis capucinus",0,1,2,1,1
"Salvia coccinea __ Dione vanillae","Salvia coccinea","Dione vanillae",0,1,1,1,1
"Salvia misella __ Cymaenes tripunctus","Salvia misella","Cymaenes tripunctus",0,1,1,1,1
"Sida ulmifolia __ Burnsius oileus","Sida ulmifolia","Burnsius oileus",0,1,1,1,1
"Sphagneticola trilobata __ Cymaenes tripunctus","Sphagneticola trilobata","Cymaenes tripunctus",0,1,1,1,1
"Sphagneticola trilobata __ Halictus poeyi","Sphagneticola trilobata","Halictus poeyi",0,1,1,1,1
"Sphagneticola trilobata __ Phyciodes phaon","Sphagneticola trilobata","Phyciodes phaon",0,1,2,1,1
"Sphagneticola trilobata __ Pyrausta tyralis","Sphagneticola trilobata","Pyrausta tyralis",0,1,1,1,1
"Sphagneticola trilobata __ Thorybes dorantes","Sphagneticola trilobata","Thorybes dorantes",0,1,1,1,1
"Stachytarpheta jamaicensis __ Erynnis horatius","Stachytarpheta jamaicensis","Erynnis horatius",0,1,1,1,1
"Thunbergia erecta __ Amorbia concavana","Thunbergia erecta","Amorbia concavana",0,1,1,1,1
"Varronia bullata __ Strymon istapa","Varronia bullata","Strymon istapa",0,1,3,1,1
"Varronia bullata __ Urbanus proteus","Varronia bullata","Urbanus proteus",0,1,1,1,1
"Zanthoxylum fagara __ Marpesia petreus","Zanthoxylum fagara","Marpesia petreus",0,1,1,1,1
